event_id,employee_id,timestamp,recipient_domain,has_attachment,attachment_size_mb
fd405cf3-1244-4d53,EMP053,2026-04-13 10:42:14,company.com,False,0.0
d15629ec-0f3e-47d1,EMP054,2026-04-13 15:22:52,company.com,False,0.0
a3a4abd4-74a6-4d0e,EMP061,2026-04-13 13:47:39,partnercorp.com,False,0.0
27762d40-1d20-4a4d,EMP062,2026-04-13 16:17:48,partnercorp.com,False,0.0
d003e6da-f177-4e80,EMP083,2026-04-13 10:21:54,company.com,False,0.0
3900d546-41e7-4b17,EMP084,2026-04-13 15:38:39,company.com,False,0.0
6b0c314f-520f-4acb,EMP086,2026-04-13 13:04:59,company.com,False,0.0
fc02b58d-04b9-4669,EMP090,2026-04-13 15:25:41,partnercorp.com,False,0.0
91e75d53-0e67-4637,EMP111,2026-04-13 16:04:48,partnercorp.com,False,0.0
7cbd422b-41d1-4526,EMP127,2026-04-13 13:09:47,company.com,False,0.0
64339002-6799-41cc,EMP135,2026-04-13 11:41:42,company.com,False,0.0
56976ef8-3a64-461f,EMP023,2026-04-14 14:55:53,company.com,False,0.0
f89ee2ff-e4c7-4f37,EMP050,2026-04-14 12:00:40,company.com,False,0.0
5a309f76-87a6-4129,EMP069,2026-04-14 18:11:48,company.com,True,2.6
6d438840-dd6b-4251,EMP080,2026-04-14 09:39:13,partnercorp.com,False,0.0
bf7237ce-02ca-4fa0,EMP082,2026-04-14 12:25:37,partnercorp.com,False,0.0
f0a7953b-4370-4ede,EMP104,2026-04-14 12:28:11,partnercorp.com,False,0.0
dcf2ce3b-87dc-43e7,EMP124,2026-04-14 16:50:11,partnercorp.com,False,0.0
c0428e75-c19d-4ced,EMP127,2026-04-14 14:27:30,partnercorp.com,False,0.0
9453bd66-a5e4-40ea,EMP137,2026-04-14 14:16:04,company.com,False,0.0
1dc94edf-d439-4ba1,EMP139,2026-04-14 12:52:45,partnercorp.com,False,0.0
340415fa-a42e-45c9,EMP021,2026-04-15 13:21:00,partnercorp.com,False,0.0
071c2eba-1814-40e3,EMP035,2026-04-15 12:06:37,partnercorp.com,False,0.0
2e3e5f37-3cd0-41d4,EMP039,2026-04-15 10:09:09,partnercorp.com,False,0.0
ff91c189-b4dd-4b11,EMP045,2026-04-15 13:21:53,partnercorp.com,False,0.0
214a5c11-e098-4e8b,EMP056,2026-04-15 14:47:16,partnercorp.com,False,0.0
c0fc2ae8-5c93-445b,EMP081,2026-04-15 12:07:47,company.com,False,0.0
091b98bd-44f1-4c34,EMP087,2026-04-15 10:05:55,partnercorp.com,False,0.0
9ee14fa6-17ff-43da,EMP102,2026-04-15 16:55:49,partnercorp.com,False,0.0
d48c395a-dc3b-4363,EMP106,2026-04-15 11:05:11,partnercorp.com,False,0.0
cec3ca2e-14bb-4d1d,EMP109,2026-04-15 11:57:50,company.com,False,0.0
58533ee9-40d3-45e6,EMP127,2026-04-15 11:10:36,partnercorp.com,False,0.0
ac761d7f-a541-43b5,EMP135,2026-04-15 09:52:45,company.com,False,0.0
9beaada0-1afd-4403,EMP012,2026-04-16 11:04:17,partnercorp.com,False,0.0
3c80cb33-1dde-4dc6,EMP023,2026-04-16 11:51:52,company.com,False,0.0
d8340440-c9c2-413a,EMP030,2026-04-16 15:19:28,company.com,False,0.0
4127f057-d0cb-4742,EMP038,2026-04-16 16:26:07,company.com,False,0.0
b061f05f-f738-40f6,EMP044,2026-04-16 17:05:15,company.com,True,3.85
1b46d685-273d-4a7d,EMP051,2026-04-16 15:42:06,partnercorp.com,False,0.0
1629c5b6-c87c-4f93,EMP057,2026-04-16 13:18:06,partnercorp.com,False,0.0
92abd110-9067-45e7,EMP063,2026-04-16 15:18:35,company.com,False,0.0
a7dd45a5-b145-452a,EMP072,2026-04-16 12:03:37,company.com,False,0.0
4582dce2-7f17-44d1,EMP085,2026-04-16 14:31:35,company.com,False,0.0
db0bed11-b263-496f,EMP099,2026-04-16 10:17:14,partnercorp.com,False,0.0
4995737c-dc95-453d,EMP100,2026-04-16 11:17:06,company.com,False,0.0
d9101ab9-0a15-49dd,EMP133,2026-04-16 12:06:06,company.com,False,0.0
fcd45de9-a423-4c86,EMP137,2026-04-16 14:23:41,company.com,False,0.0
96f5e6b4-0c04-4871,EMP145,2026-04-16 11:12:14,company.com,False,0.0
732d6846-8289-4b8d,EMP004,2026-04-17 09:36:20,partnercorp.com,False,0.0
ed1965d4-a56b-4351,EMP011,2026-04-17 16:45:50,partnercorp.com,False,0.0
5c8e90fe-d957-4581,EMP041,2026-04-17 11:36:53,company.com,False,0.0
520f9b0a-cf4a-447a,EMP063,2026-04-17 13:09:17,company.com,False,0.0
b3a54ff7-b34c-4831,EMP098,2026-04-17 15:24:04,partnercorp.com,False,0.0
22f81c85-3202-44f4,EMP101,2026-04-17 10:48:16,partnercorp.com,False,0.0
ef0eee8a-1f49-4fb7,EMP102,2026-04-17 12:16:04,partnercorp.com,False,0.0
00caae83-7156-4141,EMP124,2026-04-17 11:05:21,company.com,True,3.04
3b39b583-3edd-4779,EMP125,2026-04-17 11:34:46,company.com,False,0.0
cf5af173-d4e2-427d,EMP141,2026-04-17 09:28:28,company.com,False,0.0
56d2f838-06a5-4d86,EMP106,2026-04-18 17:08:02,company.com,False,0.0
4cde66e2-403c-4766,EMP145,2026-04-18 16:01:48,company.com,False,0.0
ad4221a2-4b51-42a9,EMP005,2026-04-20 15:05:09,partnercorp.com,False,0.0
cf9e8821-a4cc-42d8,EMP013,2026-04-20 14:29:29,partnercorp.com,False,0.0
d1f0c73e-5fb1-4d38,EMP016,2026-04-20 14:10:18,partnercorp.com,False,0.0
f29a6123-b0dc-4ad7,EMP017,2026-04-20 14:34:21,partnercorp.com,False,0.0
2196fc74-8f6a-4316,EMP091,2026-04-20 16:16:36,partnercorp.com,False,0.0
e7006eaa-5038-45d5,EMP094,2026-04-20 16:31:18,company.com,False,0.0
d18f4c40-a7a8-4560,EMP135,2026-04-20 12:10:16,company.com,False,0.0
3ac5456e-6015-478a,EMP006,2026-04-21 11:56:01,partnercorp.com,False,0.0
a00d939a-58fd-4fb6,EMP045,2026-04-21 16:27:28,partnercorp.com,False,0.0
4e87abbf-3f8c-4c26,EMP046,2026-04-21 12:16:42,partnercorp.com,False,0.0
1f15b27c-1ac9-40e9,EMP094,2026-04-21 13:46:33,company.com,False,0.0
e4ad4d61-4713-4cb9,EMP099,2026-04-21 14:33:53,partnercorp.com,False,0.0
f7297d32-d3a5-415b,EMP100,2026-04-21 12:33:42,partnercorp.com,False,0.0
08b40106-84d4-40b5,EMP104,2026-04-21 13:07:51,partnercorp.com,False,0.0
c0ef3c20-f95e-4731,EMP106,2026-04-21 11:43:06,company.com,True,0.68
f04852d0-ec96-47d5,EMP118,2026-04-21 12:10:11,partnercorp.com,False,0.0
f6ac69b1-603c-42eb,EMP002,2026-04-22 16:30:37,company.com,False,0.0
d6edef1e-ecf3-4357,EMP021,2026-04-22 11:10:28,partnercorp.com,False,0.0
2b9a16e5-f5e5-48d6,EMP023,2026-04-22 11:08:53,company.com,False,0.0
e50f1fd7-6003-4f8d,EMP036,2026-04-22 11:59:53,partnercorp.com,False,0.0
bd08b237-51f6-43ef,EMP038,2026-04-22 13:22:27,partnercorp.com,False,0.0
35401640-11c8-43a5,EMP064,2026-04-22 12:13:46,partnercorp.com,False,0.0
35dab0ee-105d-4eaa,EMP078,2026-04-22 09:52:27,partnercorp.com,False,0.0
575f2855-554f-4c7f,EMP091,2026-04-22 15:25:35,company.com,False,0.0
cbfbfcbe-79cc-466c,EMP093,2026-04-22 14:02:59,partnercorp.com,False,0.0
12829049-0b0f-470f,EMP096,2026-04-22 11:14:07,company.com,False,0.0
093c761b-66d3-44fa,EMP118,2026-04-22 11:32:50,partnercorp.com,False,0.0
db8939b8-0108-4c1e,EMP119,2026-04-22 11:12:59,company.com,False,0.0
ec8bb2b3-6d11-41f4,EMP133,2026-04-22 13:25:51,company.com,False,0.0
a3e8176e-44e6-404b,EMP138,2026-04-22 09:49:54,company.com,False,0.0
a2da12ae-e220-42cf,EMP011,2026-04-23 12:14:03,partnercorp.com,False,0.0
bcee153d-7083-4630,EMP017,2026-04-23 11:54:19,partnercorp.com,False,0.0
82ee4ea7-265b-4ffe,EMP019,2026-04-23 13:18:41,company.com,False,0.0
fbbcea83-7ffc-4759,EMP020,2026-04-23 13:17:30,partnercorp.com,True,1.19
8dceb94e-6895-40b1,EMP044,2026-04-23 16:18:03,company.com,True,1.25
fc518c60-3cdf-4e82,EMP056,2026-04-23 08:54:55,company.com,False,0.0
20a983ae-fc20-4e12,EMP079,2026-04-23 15:23:21,company.com,False,0.0
e77c46dc-a28f-4443,EMP089,2026-04-23 12:52:25,partnercorp.com,False,0.0
51b6ab9c-70cf-48aa,EMP103,2026-04-23 18:02:41,company.com,False,0.0
f92bb170-23f7-4b33,EMP112,2026-04-23 16:10:49,partnercorp.com,False,0.0
e1bce35d-1791-4cfe,EMP002,2026-04-24 10:14:03,company.com,False,0.0
9a21b6bd-8ac9-47b3,EMP017,2026-04-24 15:45:54,partnercorp.com,False,0.0
a4dda147-3cb9-4605,EMP036,2026-04-24 12:01:41,company.com,False,0.0
cf33b1f4-fc86-4497,EMP040,2026-04-24 13:53:57,partnercorp.com,False,0.0
3cba4a24-a40b-4854,EMP046,2026-04-24 10:59:38,company.com,False,0.0
32cd614e-183d-46bb,EMP066,2026-04-24 13:41:36,company.com,False,0.0
b668578f-3e95-4153,EMP091,2026-04-24 16:31:29,partnercorp.com,False,0.0
d4f8eeb7-270f-40c2,EMP101,2026-04-24 13:01:10,partnercorp.com,False,0.0
5fed1b9a-31cd-4819,EMP104,2026-04-24 15:41:36,partnercorp.com,False,0.0
3802113e-5854-4c54,EMP110,2026-04-24 14:23:19,company.com,False,0.0
d9af4adc-8767-48eb,EMP122,2026-04-24 13:58:36,company.com,False,0.0
76670dc1-c982-4009,EMP134,2026-04-24 11:55:21,partnercorp.com,False,0.0
db3a460b-f269-40b1,EMP140,2026-04-24 13:25:14,company.com,False,0.0
fff1d174-8169-4d3f,EMP148,2026-04-24 12:05:45,partnercorp.com,False,0.0
66dc0447-99d5-4de2,EMP094,2026-04-25 19:47:44,partnercorp.com,False,0.0
d652c036-ca6f-4f3e,EMP002,2026-04-27 14:00:07,partnercorp.com,False,0.0
e4d18d83-9dfb-4a3e,EMP018,2026-04-27 16:10:30,company.com,True,2.59
86f5a7db-394f-4836,EMP029,2026-04-27 10:15:28,partnercorp.com,False,0.0
4c98aee3-a10b-474d,EMP040,2026-04-27 16:36:58,company.com,False,0.0
2cfef94f-c07c-4ca0,EMP052,2026-04-27 10:15:25,partnercorp.com,False,0.0
be4263a8-34a2-4a2f,EMP056,2026-04-27 11:33:32,partnercorp.com,True,2.5
e935a032-cc38-40d6,EMP060,2026-04-27 18:02:20,company.com,False,0.0
0ab193a9-2505-40ef,EMP064,2026-04-27 12:04:01,partnercorp.com,False,0.0
83cf8db5-5dc1-44e5,EMP074,2026-04-27 11:16:05,company.com,True,1.64
bbf1c2ee-160c-41f5,EMP086,2026-04-27 17:03:36,partnercorp.com,False,0.0
c7acb545-01fc-4529,EMP115,2026-04-27 14:40:54,partnercorp.com,False,0.0
6e177730-2552-4d33,EMP124,2026-04-27 14:44:57,company.com,False,0.0
88ec6d6a-7e9f-48af,EMP146,2026-04-27 13:11:14,partnercorp.com,True,2.24
c9eb56a9-80fe-49a0,EMP021,2026-04-28 12:39:32,company.com,False,0.0
7684ed0d-2b65-40a2,EMP035,2026-04-28 12:11:04,partnercorp.com,False,0.0
e20768ab-9acc-4673,EMP036,2026-04-28 10:29:55,company.com,False,0.0
e2697cf8-714b-4607,EMP052,2026-04-28 11:44:33,partnercorp.com,False,0.0
d79b8af4-f868-41b9,EMP061,2026-04-28 11:34:59,partnercorp.com,False,0.0
641d9528-0199-4d85,EMP078,2026-04-28 12:14:34,partnercorp.com,False,0.0
7704b698-9c16-482b,EMP092,2026-04-28 10:35:15,partnercorp.com,False,0.0
a8024c60-cd36-4fd0,EMP096,2026-04-28 16:17:23,company.com,True,1.63
a3360217-d016-494f,EMP100,2026-04-28 16:22:29,company.com,True,1.44
c8e739df-eafe-4d49,EMP121,2026-04-28 14:10:52,company.com,False,0.0
0f097ccd-a7cc-4117,EMP126,2026-04-28 16:02:29,company.com,False,0.0
19064878-b277-4500,EMP127,2026-04-28 13:47:57,partnercorp.com,False,0.0
ed741487-3f3e-423c,EMP143,2026-04-28 16:39:11,partnercorp.com,False,0.0
4e39c074-fc4e-4aad,EMP009,2026-04-29 13:47:31,partnercorp.com,False,0.0
eed54bf8-f581-4c3e,EMP011,2026-04-29 12:31:13,partnercorp.com,False,0.0
86972f28-2e03-4fd0,EMP019,2026-04-29 08:44:33,company.com,False,0.0
44fd4948-d8a8-458a,EMP071,2026-04-29 14:30:34,partnercorp.com,False,0.0
10a92bd6-e127-49e0,EMP108,2026-04-29 12:03:37,company.com,False,0.0
e66a6e2f-adc6-4be5,EMP119,2026-04-29 10:22:18,company.com,False,0.0
bd797701-b227-497c,EMP120,2026-04-29 16:38:53,partnercorp.com,True,0.5
06df9bb8-c536-45ac,EMP121,2026-04-29 09:41:10,partnercorp.com,False,0.0
83bd1f82-66ad-4af2,EMP127,2026-04-29 13:34:19,company.com,False,0.0
eb3a7eb0-865f-4bb5,EMP129,2026-04-29 16:16:21,partnercorp.com,False,0.0
68e36eb8-76d9-470b,EMP132,2026-04-29 11:54:35,company.com,False,0.0
1e96b1b7-9b44-436b,EMP141,2026-04-29 15:55:01,company.com,False,0.0
21ea49b9-a586-4a74,EMP143,2026-04-29 12:49:59,company.com,False,0.0
6271de71-6356-4084,EMP147,2026-04-29 12:02:46,company.com,False,0.0
726ad4c5-77a3-4661,EMP008,2026-04-30 14:45:23,company.com,False,0.0
e3cfb8ff-3f7a-4351,EMP019,2026-04-30 16:22:24,partnercorp.com,False,0.0
1f668dd3-5fda-4f7c,EMP087,2026-04-30 14:07:42,company.com,False,0.0
6bc160ec-1736-4f99,EMP102,2026-04-30 14:48:32,company.com,False,0.0
2c1973d8-8fbc-4f33,EMP107,2026-04-30 16:14:16,company.com,False,0.0
21d80853-9bb6-4fee,EMP108,2026-04-30 16:11:39,partnercorp.com,False,0.0
271ec4e1-baa1-40ce,EMP149,2026-04-30 13:07:44,company.com,False,0.0
a9cbbf12-c760-466b,EMP008,2026-05-01 12:34:29,company.com,False,0.0
3b530fa2-f673-4720,EMP036,2026-05-01 09:06:46,partnercorp.com,False,0.0
d4007164-97f4-4d44,EMP039,2026-05-01 11:48:56,company.com,False,0.0
58a381c8-ae6b-412c,EMP041,2026-05-01 16:14:45,partnercorp.com,False,0.0
32035023-c723-4a91,EMP051,2026-05-01 09:30:58,partnercorp.com,False,0.0
ffc503e4-f151-4f95,EMP052,2026-05-01 13:39:25,partnercorp.com,False,0.0
2e0b82ec-1d26-4df7,EMP071,2026-05-01 16:28:38,company.com,False,0.0
c879d0ee-1ca4-4479,EMP098,2026-05-01 12:17:55,partnercorp.com,True,2.88
2db643c7-9420-41a0,EMP108,2026-05-01 11:08:17,company.com,False,0.0
1f2966f7-a805-4fc0,EMP112,2026-05-01 14:18:40,company.com,False,0.0
4e6c43b7-ee81-4396,EMP122,2026-05-01 13:42:30,partnercorp.com,False,0.0
db7b4f23-62da-405c,EMP138,2026-05-01 13:40:52,company.com,False,0.0
6ab3a238-ab53-46c7,EMP145,2026-05-01 11:21:33,partnercorp.com,False,0.0
47c7ef19-474a-4fb8,EMP055,2026-05-02 20:32:26,company.com,False,0.0
bbf78552-e230-4557,EMP083,2026-05-03 16:53:32,partnercorp.com,False,0.0
e5d3daf9-3810-464b,EMP012,2026-05-04 14:41:13,partnercorp.com,False,0.0
0f8eea4f-a34b-450d,EMP015,2026-05-04 17:35:35,partnercorp.com,False,0.0
293e5ee2-ac99-44a4,EMP032,2026-05-04 10:46:32,partnercorp.com,False,0.0
1c128d46-e5a6-4d5d,EMP039,2026-05-04 14:10:26,company.com,True,1.7
c21be916-aeb9-4772,EMP068,2026-05-04 13:29:11,partnercorp.com,False,0.0
d02d58c8-d3e4-4f7d,EMP071,2026-05-04 10:43:41,partnercorp.com,True,0.86
5625f1f7-5ee4-4bf3,EMP087,2026-05-04 09:30:46,company.com,False,0.0
64e42f6d-1081-4a21,EMP089,2026-05-04 17:41:36,partnercorp.com,True,3.46
cd185f11-ff80-450b,EMP090,2026-05-04 13:44:32,company.com,False,0.0
8e5be0e3-8485-4abd,EMP096,2026-05-04 11:39:21,partnercorp.com,False,0.0
802954e3-b2fc-4e68,EMP102,2026-05-04 11:14:26,partnercorp.com,False,0.0
ad902fc5-61ab-4758,EMP106,2026-05-04 10:19:02,company.com,False,0.0
6db52091-d0ee-4108,EMP129,2026-05-04 11:03:54,company.com,False,0.0
c6f184a5-1898-4081,EMP146,2026-05-04 12:35:00,company.com,False,0.0
0cb4695b-378c-41e6,EMP005,2026-05-05 15:44:03,partnercorp.com,False,0.0
fdaae114-18e2-4abb,EMP041,2026-05-05 11:33:01,partnercorp.com,True,2.89
a7c8a4b1-271b-42c3,EMP055,2026-05-05 11:32:05,partnercorp.com,False,0.0
d8447105-d8a3-400f,EMP058,2026-05-05 16:41:09,company.com,False,0.0
6946d89f-1695-4bd5,EMP091,2026-05-05 13:22:25,partnercorp.com,False,0.0
353b54dd-63b4-47db,EMP101,2026-05-05 12:24:45,partnercorp.com,False,0.0
9e172513-d106-4b9a,EMP111,2026-05-05 14:30:20,partnercorp.com,False,0.0
500d428b-c23b-4c57,EMP123,2026-05-05 12:04:36,company.com,False,0.0
05a674a1-4588-44e2,EMP130,2026-05-05 14:04:03,company.com,False,0.0
1d4cef57-b2a2-4d92,EMP012,2026-05-06 15:11:20,partnercorp.com,False,0.0
2227b29f-1555-408f,EMP044,2026-05-06 14:27:59,partnercorp.com,False,0.0
b08246bc-fca5-42ac,EMP054,2026-05-06 09:18:10,company.com,False,0.0
5a2e481b-d505-4b03,EMP055,2026-05-06 16:47:58,company.com,False,0.0
a5fcfd19-696f-4428,EMP058,2026-05-06 12:12:03,company.com,False,0.0
2adc54ef-b7c6-4a97,EMP059,2026-05-06 12:11:49,company.com,False,0.0
b2a6a171-d229-4fea,EMP060,2026-05-06 12:48:05,partnercorp.com,False,0.0
39366265-f067-4b8a,EMP084,2026-05-06 18:14:15,partnercorp.com,False,0.0
b941efd0-7ccc-4cf4,EMP091,2026-05-06 08:24:22,company.com,False,0.0
42d845ba-d74c-4709,EMP094,2026-05-06 15:56:37,partnercorp.com,False,0.0
1e9f3a40-0b6f-4d96,EMP098,2026-05-06 14:34:58,partnercorp.com,False,0.0
b1f53319-9212-4595,EMP099,2026-05-06 14:22:00,partnercorp.com,False,0.0
0b247ba9-bff4-422f,EMP101,2026-05-06 16:24:41,partnercorp.com,False,0.0
7f238bcd-94e1-4d9b,EMP102,2026-05-06 11:10:39,company.com,False,0.0
a4548684-6b75-4948,EMP113,2026-05-06 15:59:00,company.com,False,0.0
3e2af133-11b6-4bc2,EMP006,2026-05-07 11:54:39,partnercorp.com,False,0.0
5aa99dde-7a7d-49f8,EMP024,2026-05-07 15:21:47,company.com,False,0.0
b4882e17-5885-4f0c,EMP029,2026-05-07 10:59:12,partnercorp.com,False,0.0
9645c8e7-b5cb-4547,EMP032,2026-05-07 11:26:37,partnercorp.com,True,1.09
f7f8cdb5-9d81-478a,EMP037,2026-05-07 13:01:59,partnercorp.com,False,0.0
d07804ac-14af-414a,EMP075,2026-05-07 11:31:07,partnercorp.com,False,0.0
fe168ba7-e545-4290,EMP093,2026-05-07 15:30:24,partnercorp.com,False,0.0
9f0142ba-ddd0-4761,EMP107,2026-05-07 09:49:18,company.com,False,0.0
a1231ed5-6c6f-41ff,EMP132,2026-05-07 10:52:59,company.com,False,0.0
158a1ecb-3bae-45a2,EMP143,2026-05-07 09:49:45,partnercorp.com,True,2.74
7cf81233-c14a-44a4,EMP004,2026-05-08 13:37:13,partnercorp.com,False,0.0
e4a06946-a32d-4ed2,EMP012,2026-05-08 15:27:22,company.com,False,0.0
36f44c46-7c2a-4e24,EMP015,2026-05-08 13:23:50,partnercorp.com,False,0.0
c18e499b-ea08-43c4,EMP030,2026-05-08 12:29:58,partnercorp.com,False,0.0
49b71aa5-d431-4a6b,EMP052,2026-05-08 12:31:56,company.com,False,0.0
72db271e-4d5f-4857,EMP069,2026-05-08 17:36:06,company.com,False,0.0
ced37acd-edcd-4e9c,EMP071,2026-05-08 12:57:25,company.com,False,0.0
fa9c098c-f8d2-4a1f,EMP096,2026-05-08 12:16:09,company.com,False,0.0
8a0c590f-6fa7-43f9,EMP097,2026-05-08 16:22:56,company.com,False,0.0
dc3accf5-2033-4f37,EMP100,2026-05-08 14:57:14,company.com,True,2.19
1cc7fe2f-94ba-430b,EMP110,2026-05-08 14:12:24,company.com,False,0.0
465a1414-d9fd-4c25,EMP127,2026-05-08 09:08:31,company.com,True,0.93
6163dc1e-81b9-4ea9,EMP149,2026-05-08 11:44:17,partnercorp.com,False,0.0
64ee6ce4-33aa-402d,EMP078,2026-05-09 13:46:17,partnercorp.com,False,0.0
5519d07f-998b-4e60,EMP145,2026-05-09 18:57:59,company.com,False,0.0
209352e0-1b13-485f,EMP003,2026-05-11 16:08:44,partnercorp.com,False,0.0
b86d78ac-0976-4ef3,EMP024,2026-05-11 15:54:42,company.com,False,0.0
8896c107-7244-42dd,EMP027,2026-05-11 17:17:34,partnercorp.com,False,0.0
917cbc7c-ff3d-431d,EMP066,2026-05-11 13:48:43,company.com,False,0.0
4c053d34-3997-4269,EMP069,2026-05-11 13:03:09,partnercorp.com,False,0.0
fffd6ecf-2d86-42c0,EMP122,2026-05-11 16:05:59,company.com,False,0.0
ce95fb1c-5e22-4e3d,EMP006,2026-05-12 10:43:11,company.com,True,1.45
e14f9f17-b562-47b3,EMP010,2026-05-12 15:45:19,company.com,False,0.0
f4858b82-7645-4958,EMP013,2026-05-12 11:51:18,partnercorp.com,False,0.0
e6885c50-0780-42e8,EMP030,2026-05-12 12:43:06,company.com,False,0.0
d10c9c55-a729-47b0,EMP034,2026-05-12 13:30:15,partnercorp.com,True,1.06
9cd7c41a-e3e3-4155,EMP035,2026-05-12 13:11:23,company.com,False,0.0
b58faba0-5393-404d,EMP047,2026-05-12 15:33:20,partnercorp.com,False,0.0
c4e2adf3-27fa-4317,EMP088,2026-05-12 15:37:41,partnercorp.com,False,0.0
b3a5c7a0-51de-4fa3,EMP100,2026-05-12 12:02:37,company.com,False,0.0
d9d6bd13-8dea-4060,EMP112,2026-05-12 12:52:53,partnercorp.com,False,0.0
ad493217-a231-4bcc,EMP124,2026-05-12 15:13:30,company.com,False,0.0
95cc7993-15c8-43d6,EMP128,2026-05-12 16:20:09,company.com,False,0.0
41b2d6a9-151d-470f,EMP019,2026-05-13 14:53:22,partnercorp.com,False,0.0
8034c129-0da5-405c,EMP032,2026-05-13 16:21:50,company.com,False,0.0
50c1fd80-3894-47d8,EMP049,2026-05-13 12:29:34,company.com,False,0.0
0d0deb1c-3535-4583,EMP057,2026-05-13 11:02:05,partnercorp.com,False,0.0
9413ab09-ba18-4a72,EMP062,2026-05-13 16:33:25,company.com,False,0.0
8547c607-4b93-468f,EMP065,2026-05-13 13:06:41,company.com,False,0.0
b682b19e-9972-4981,EMP067,2026-05-13 16:05:00,company.com,False,0.0
ede16b33-dba4-4626,EMP079,2026-05-13 11:19:28,partnercorp.com,False,0.0
81a2678a-cfae-416d,EMP085,2026-05-13 13:18:46,partnercorp.com,True,3.18
a1fd3bfd-b70d-4838,EMP086,2026-05-13 13:44:26,partnercorp.com,False,0.0
86d86c3c-9efe-4fff,EMP087,2026-05-13 15:07:08,company.com,False,0.0
70193380-5579-4049,EMP099,2026-05-13 13:56:11,partnercorp.com,False,0.0
05eca13b-4270-4193,EMP114,2026-05-13 11:52:20,company.com,False,0.0
71ffd839-f2ad-48d9,EMP135,2026-05-13 10:22:27,partnercorp.com,False,0.0
34f37840-0dfc-4af0,EMP145,2026-05-13 14:16:18,company.com,False,0.0
01ea313d-34a4-401c,EMP149,2026-05-13 14:01:29,partnercorp.com,False,0.0
ab27dd94-696b-4afd,EMP018,2026-05-14 18:11:33,company.com,False,0.0
22847114-86b0-4414,EMP022,2026-05-14 14:19:08,partnercorp.com,False,0.0
a5bc9bb1-89b1-43c7,EMP037,2026-05-14 14:01:24,partnercorp.com,False,0.0
2d119256-d655-4b1a,EMP061,2026-05-14 12:41:33,company.com,False,0.0
e5c35e18-45b0-4da4,EMP062,2026-05-14 17:11:16,company.com,False,0.0
630c5a6c-3629-40e0,EMP080,2026-05-14 12:24:17,partnercorp.com,True,2.83
fd13ebc0-3bf1-4d32,EMP093,2026-05-14 15:39:02,partnercorp.com,False,0.0
6642730a-237f-485d,EMP102,2026-05-14 14:53:26,partnercorp.com,False,0.0
527834ae-a777-419b,EMP133,2026-05-14 11:06:49,partnercorp.com,False,0.0
e507c109-ab72-4bb2,EMP147,2026-05-14 17:04:51,partnercorp.com,False,0.0
3a680735-64f2-4cf2,EMP150,2026-05-14 09:32:07,company.com,False,0.0
4636cd66-f678-4a00,EMP022,2026-05-15 10:46:34,company.com,False,0.0
501faf63-96bb-4037,EMP032,2026-05-15 15:56:28,company.com,False,0.0
fad231ed-46bb-4e88,EMP037,2026-05-15 12:23:12,partnercorp.com,False,0.0
4ee2a0ae-4da3-469e,EMP042,2026-05-15 12:39:58,company.com,False,0.0
d5c9edf2-b3b8-42f0,EMP046,2026-05-15 16:38:27,company.com,False,0.0
ef9445d5-d447-4326,EMP052,2026-05-15 11:31:11,company.com,False,0.0
5ecebab5-5700-433f,EMP055,2026-05-15 14:23:19,partnercorp.com,False,0.0
b4bc97f5-9af8-4fa3,EMP070,2026-05-15 13:13:31,partnercorp.com,False,0.0
fb4b3f61-4cd1-4a44,EMP080,2026-05-15 16:57:37,partnercorp.com,False,0.0
8f473e7d-6ce1-4ea7,EMP087,2026-05-15 11:28:42,company.com,False,0.0
5ede06a9-cad8-4702,EMP103,2026-05-15 17:16:15,company.com,False,0.0
e89c7ffb-4c13-4106,EMP124,2026-05-15 11:47:49,partnercorp.com,False,0.0
f4101c23-37ee-40e4,EMP134,2026-05-15 11:11:30,partnercorp.com,False,0.0
8d8a16ab-34ea-4acf,EMP032,2026-05-17 15:34:58,company.com,False,0.0
ac3e13be-1052-4f5d,EMP143,2026-05-17 15:53:08,company.com,False,0.0
0f9c873b-9114-41c4,EMP145,2026-05-17 10:42:43,partnercorp.com,True,1.08
b545cedf-d1f5-4eeb,EMP014,2026-05-18 11:00:18,company.com,False,0.0
ab8ec207-13fe-483b,EMP033,2026-05-18 13:42:27,company.com,False,0.0
c3c1413d-ce98-4481,EMP041,2026-05-18 12:01:06,partnercorp.com,False,0.0
160259c5-e16a-4c63,EMP082,2026-05-18 09:23:36,partnercorp.com,False,0.0
b048ae3e-c6c7-469c,EMP088,2026-05-18 13:45:33,partnercorp.com,False,0.0
156fe35d-b736-4010,EMP095,2026-05-18 11:28:32,company.com,False,0.0
24c17d6b-619d-498f,EMP103,2026-05-18 15:48:25,partnercorp.com,False,0.0
e6798e70-4e8a-4e77,EMP105,2026-05-18 13:48:02,company.com,False,0.0
10a5192c-622e-423e,EMP116,2026-05-18 12:11:58,partnercorp.com,False,0.0
4044a568-e448-4d52,EMP001,2026-05-19 10:22:47,company.com,False,0.0
d93423ed-f0a6-4d62,EMP004,2026-05-19 12:00:50,partnercorp.com,True,2.64
13d7472e-98f9-4c73,EMP034,2026-05-19 16:30:08,company.com,False,0.0
2a1585eb-0d9c-481e,EMP042,2026-05-19 15:55:30,company.com,False,0.0
7950fbb9-c5ce-4e95,EMP068,2026-05-19 15:47:31,partnercorp.com,False,0.0
ee16d2a2-54a1-480c,EMP070,2026-05-19 16:01:27,partnercorp.com,False,0.0
943c7af9-269f-4d21,EMP072,2026-05-19 17:05:48,company.com,False,0.0
620caeda-4f3d-4474,EMP084,2026-05-19 14:20:14,company.com,True,2.01
e7642a69-ec59-4680,EMP098,2026-05-19 13:31:09,partnercorp.com,False,0.0
ed99de83-845f-47d1,EMP110,2026-05-19 13:47:57,company.com,False,0.0
46a44230-30a9-4472,EMP119,2026-05-19 15:13:51,partnercorp.com,False,0.0
e1f296d5-8653-4a84,EMP128,2026-05-19 15:34:13,partnercorp.com,True,0.6
98f44296-e353-4857,EMP005,2026-05-20 14:02:16,company.com,False,0.0
7f530ba6-887f-4a05,EMP015,2026-05-20 16:08:46,partnercorp.com,False,0.0
7f691432-ffda-4f71,EMP026,2026-05-20 10:09:16,company.com,False,0.0
1d6b24ba-a4c5-4626,EMP032,2026-05-20 11:49:59,company.com,False,0.0
240f269b-2e16-49e6,EMP079,2026-05-20 12:56:10,company.com,False,0.0
a0df65fc-0879-41d5,EMP086,2026-05-20 13:37:14,company.com,False,0.0
d95dbfd5-c211-43a8,EMP100,2026-05-20 16:04:08,company.com,True,2.12
feb4c61f-6ceb-480a,EMP101,2026-05-20 08:19:51,company.com,True,2.99
a1251db5-dde9-4da7,EMP102,2026-05-20 12:24:48,company.com,False,0.0
803faa07-bb47-4ccc,EMP104,2026-05-20 12:55:35,partnercorp.com,False,0.0
3008455f-a978-46b6,EMP127,2026-05-20 12:53:58,partnercorp.com,False,0.0
14289e4c-42c2-4e2a,EMP132,2026-05-20 14:47:13,company.com,False,0.0
33a7c324-367d-45bf,EMP140,2026-05-20 15:51:08,partnercorp.com,False,0.0
d86326e4-e04c-47eb,EMP006,2026-05-21 13:28:29,partnercorp.com,False,0.0
91970df4-bde3-4869,EMP007,2026-05-21 12:26:28,company.com,False,0.0
172475d4-9258-4b08,EMP009,2026-05-21 10:23:20,partnercorp.com,False,0.0
3b7bddf1-3c20-4897,EMP012,2026-05-21 13:01:41,company.com,True,1.92
d0ffa462-0a09-4ccb,EMP013,2026-05-21 12:14:24,company.com,False,0.0
6a508230-2a5e-4ee1,EMP019,2026-05-21 14:13:53,company.com,False,0.0
39fde4fa-9120-40af,EMP032,2026-05-21 10:04:35,company.com,False,0.0
c65c4ed5-61fd-4f3f,EMP034,2026-05-21 16:19:39,partnercorp.com,False,0.0
7c4b8ea4-6d11-426e,EMP038,2026-05-21 10:27:25,partnercorp.com,False,0.0
16688c21-8bf3-4630,EMP061,2026-05-21 12:55:18,company.com,False,0.0
bf00806e-f3db-4681,EMP067,2026-05-21 16:08:39,company.com,False,0.0
5d6ab153-6d04-4771,EMP072,2026-05-21 14:45:51,partnercorp.com,False,0.0
b15c25f7-d24c-4037,EMP077,2026-05-21 11:32:21,partnercorp.com,False,0.0
391fd6b8-8a01-4931,EMP085,2026-05-21 09:50:12,company.com,False,0.0
4f6f6cc7-50b1-45d8,EMP087,2026-05-21 16:38:01,company.com,False,0.0
36d7780d-ea49-43a9,EMP103,2026-05-21 11:39:31,company.com,False,0.0
a0c071c2-0bf3-495c,EMP116,2026-05-21 14:18:32,partnercorp.com,True,2.16
9aeba3c5-89ac-4d52,EMP146,2026-05-21 10:48:14,company.com,False,0.0
495d2010-b0fd-4d33,EMP003,2026-05-22 15:38:57,partnercorp.com,True,1.06
e5462402-5836-4287,EMP019,2026-05-22 12:54:50,partnercorp.com,False,0.0
4f5ac07f-65a2-4bea,EMP029,2026-05-22 17:48:26,company.com,False,0.0
19871008-3ce4-490a,EMP036,2026-05-22 08:14:07,company.com,False,0.0
e4cb5cd2-5be1-4b40,EMP055,2026-05-22 11:37:08,company.com,True,2.37
0e9ba694-bb1a-4799,EMP060,2026-05-22 09:41:50,partnercorp.com,False,0.0
96aa1742-873d-4796,EMP104,2026-05-22 13:20:43,partnercorp.com,False,0.0
31792023-39e3-4b15,EMP105,2026-05-22 12:05:40,company.com,False,0.0
82998438-2fe0-4b71,EMP032,2026-05-23 16:07:41,partnercorp.com,False,0.0
3b836f0b-251f-4a12,EMP055,2026-05-23 16:49:06,company.com,False,0.0
d71fe8bf-e903-4e83,EMP139,2026-05-23 13:49:14,company.com,False,0.0
dceb62cf-5add-4781,EMP018,2026-05-25 10:50:30,partnercorp.com,True,3.27
567438c5-d3bb-417f,EMP039,2026-05-25 12:53:56,partnercorp.com,False,0.0
f2c808cf-6e4d-4551,EMP041,2026-05-25 12:31:29,company.com,False,0.0
a0a0ecf5-cd19-4cd2,EMP055,2026-05-25 15:11:57,partnercorp.com,False,0.0
ea312972-94a6-49be,EMP059,2026-05-25 17:18:27,partnercorp.com,True,1.33
6daf23ee-4a52-4194,EMP063,2026-05-25 14:10:55,company.com,False,0.0
a5179eb9-9a1f-4a57,EMP078,2026-05-25 13:35:43,partnercorp.com,False,0.0
23e20679-bab6-4b18,EMP091,2026-05-25 14:47:06,partnercorp.com,False,0.0
236129fa-daa1-4d44,EMP097,2026-05-25 13:03:49,company.com,False,0.0
c382ee60-c3e9-4024,EMP099,2026-05-25 11:21:36,company.com,False,0.0
0f4153b0-e498-44c0,EMP127,2026-05-25 11:41:54,company.com,False,0.0
f5a27cca-8832-4d2c,EMP128,2026-05-25 10:36:19,partnercorp.com,False,0.0
f274b934-98d7-4ad6,EMP007,2026-05-26 15:25:08,company.com,False,0.0
74e40856-41e4-4889,EMP025,2026-05-26 11:04:14,company.com,True,2.93
2d2842a3-8927-49f1,EMP026,2026-05-26 15:17:01,partnercorp.com,False,0.0
708f8d7d-ca16-47e7,EMP027,2026-05-26 16:16:26,company.com,False,0.0
eb7861b0-8b1e-4bbd,EMP067,2026-05-26 14:11:14,partnercorp.com,False,0.0
988d2134-6f65-40e4,EMP073,2026-05-26 14:38:47,partnercorp.com,False,0.0
773668d6-d8f0-4f6a,EMP084,2026-05-26 16:58:41,partnercorp.com,True,3.44
a76ccbe6-c13a-4cdd,EMP097,2026-05-26 09:59:17,company.com,False,0.0
bb90ccb7-9887-4bd6,EMP117,2026-05-26 14:35:35,company.com,False,0.0
516822ac-1627-47dc,EMP126,2026-05-26 15:06:16,company.com,False,0.0
9374d0e6-044f-4727,EMP139,2026-05-26 13:43:02,partnercorp.com,False,0.0
3ce9482d-dcce-4d2e,EMP013,2026-05-27 15:40:02,partnercorp.com,False,0.0
8d4a5d30-dd24-4341,EMP016,2026-05-27 14:10:06,company.com,False,0.0
489d086f-f6b4-415c,EMP041,2026-05-27 13:30:58,company.com,False,0.0
825abd34-3fa4-43ce,EMP044,2026-05-27 13:04:30,partnercorp.com,False,0.0
98797472-4667-4b21,EMP115,2026-05-27 10:32:59,partnercorp.com,False,0.0
cbe80e08-8234-470b,EMP132,2026-05-27 09:22:44,partnercorp.com,False,0.0
046c85b8-5b41-40af,EMP137,2026-05-27 08:50:00,company.com,False,0.0
18232676-6cfd-4d74,EMP143,2026-05-27 10:02:24,company.com,False,0.0
3a88c83a-0a20-4943,EMP027,2026-05-28 15:16:11,company.com,False,0.0
92179ca8-2cfa-4135,EMP036,2026-05-28 12:01:34,company.com,False,0.0
3c41b1e2-4d41-4217,EMP046,2026-05-28 15:56:07,partnercorp.com,False,0.0
bd627fa5-5388-44fa,EMP062,2026-05-28 09:44:28,partnercorp.com,False,0.0
8292cad1-944a-49d5,EMP064,2026-05-28 17:02:48,company.com,False,0.0
74f1a699-fc46-4d09,EMP065,2026-05-28 09:27:56,company.com,False,0.0
c9b2fa88-ffb7-4e92,EMP069,2026-05-28 17:28:19,company.com,False,0.0
0411542c-08d6-4ade,EMP070,2026-05-28 15:21:01,partnercorp.com,False,0.0
0e9565ed-ecf1-41c7,EMP071,2026-05-28 10:39:19,partnercorp.com,True,1.24
e08c9662-5ccb-431c,EMP079,2026-05-28 14:05:31,company.com,False,0.0
b9125b50-4b9f-487c,EMP080,2026-05-28 10:19:43,partnercorp.com,False,0.0
d210e7ca-604b-4835,EMP097,2026-05-28 12:19:28,company.com,False,0.0
939ef962-2e94-4005,EMP106,2026-05-28 14:00:55,company.com,False,0.0
27252fc7-e037-45c2,EMP107,2026-05-28 15:53:34,partnercorp.com,False,0.0
f49db7fa-e3f5-4508,EMP112,2026-05-28 12:40:07,partnercorp.com,False,0.0
956eadee-46b2-4646,EMP149,2026-05-28 11:44:11,company.com,False,0.0
5fb52070-af3b-4509,EMP015,2026-05-29 16:05:08,partnercorp.com,False,0.0
33c33ca1-b6d6-4600,EMP024,2026-05-29 11:57:51,company.com,False,0.0
bf97b4d0-f706-4948,EMP039,2026-05-29 10:16:50,company.com,False,0.0
9a25dccb-9b51-4640,EMP073,2026-05-29 11:26:34,company.com,False,0.0
cf791142-df49-4c26,EMP074,2026-05-29 15:37:29,partnercorp.com,False,0.0
720d3e95-856b-4d76,EMP095,2026-05-29 13:52:49,company.com,False,0.0
abbf2562-894e-4116,EMP106,2026-05-29 11:07:17,company.com,False,0.0
51247b23-6822-4510,EMP107,2026-05-29 12:26:00,partnercorp.com,False,0.0
0b7d040e-6d20-4d70,EMP113,2026-05-29 08:37:15,partnercorp.com,False,0.0
61680a14-2cbe-4bb4,EMP119,2026-05-29 11:30:39,company.com,False,0.0
92fcec93-baba-4429,EMP123,2026-05-29 17:03:30,partnercorp.com,False,0.0
ddf08ebc-9ef3-4607,EMP131,2026-05-29 14:21:03,company.com,False,0.0
907e8c3e-9dc5-4bdc,EMP144,2026-05-29 10:38:10,company.com,False,0.0
1aafd002-1dd1-4544,EMP032,2026-05-30 16:01:57,company.com,True,1.16
8adda249-ea65-4f6c,EMP013,2026-06-01 11:11:32,company.com,False,0.0
46daf3f4-e6b4-4447,EMP031,2026-06-01 14:01:39,partnercorp.com,False,0.0
93224e43-3d0d-4ea3,EMP054,2026-06-01 11:43:28,partnercorp.com,False,0.0
1268ae00-b4de-451e,EMP064,2026-06-01 15:28:31,partnercorp.com,True,1.04
8e1450df-ab5f-448f,EMP070,2026-06-01 14:33:01,partnercorp.com,False,0.0
d50bbe78-7794-4c14,EMP090,2026-06-01 12:38:31,company.com,False,0.0
a00780a3-fdec-42b5,EMP091,2026-06-01 14:42:13,partnercorp.com,False,0.0
b8763b34-14f2-4e50,EMP105,2026-06-01 12:21:37,partnercorp.com,False,0.0
17f334ae-111a-433f,EMP107,2026-06-01 17:40:28,partnercorp.com,False,0.0
7cc92c7c-d22a-4e24,EMP119,2026-06-01 14:20:09,partnercorp.com,False,0.0
c274bf1c-cf0d-4b4e,EMP004,2026-06-02 12:26:27,company.com,False,0.0
b5e519a7-e8a8-46de,EMP016,2026-06-02 12:11:36,partnercorp.com,False,0.0
9f902123-4edf-4131,EMP020,2026-06-02 11:31:37,company.com,False,0.0
9be19d79-aa40-4bb2,EMP032,2026-06-02 13:49:10,company.com,False,0.0
e7607c0d-09b2-42c0,EMP041,2026-06-02 16:49:36,company.com,False,0.0
0799c2e5-c371-4965,EMP050,2026-06-02 13:37:37,partnercorp.com,False,0.0
cef95f09-54eb-48cc,EMP057,2026-06-02 12:44:01,partnercorp.com,False,0.0
411ee1a6-3562-4726,EMP065,2026-06-02 15:16:17,partnercorp.com,False,0.0
65d43b99-9f22-45d9,EMP066,2026-06-02 15:03:00,partnercorp.com,False,0.0
3f4d74a7-5c0c-4a78,EMP116,2026-06-02 17:27:20,partnercorp.com,False,0.0
8c3b57bb-9e17-46a7,EMP119,2026-06-02 12:04:37,partnercorp.com,False,0.0
ccea8d49-d8b8-421c,EMP138,2026-06-02 13:00:39,partnercorp.com,False,0.0
1de5cb42-fffd-4cd7,EMP142,2026-06-02 13:32:25,company.com,False,0.0
26263032-ab27-4cb8,EMP147,2026-06-02 15:05:14,partnercorp.com,False,0.0
b03a6691-fad8-4f54,EMP002,2026-06-03 12:58:43,partnercorp.com,False,0.0
62ae489d-a807-470f,EMP008,2026-06-03 14:50:35,company.com,False,0.0
ed93728d-ba76-49eb,EMP041,2026-06-03 15:24:54,partnercorp.com,False,0.0
8f2ba9ca-af76-49a5,EMP042,2026-06-03 12:19:19,partnercorp.com,False,0.0
6ffb098c-c3ba-42c0,EMP069,2026-06-03 10:05:43,company.com,False,0.0
2fb8ece0-2b3c-49fd,EMP084,2026-06-03 10:50:35,partnercorp.com,False,0.0
45d3460b-a1c5-4ee2,EMP099,2026-06-03 13:20:14,company.com,True,2.62
3f75e130-681b-499a,EMP110,2026-06-03 15:29:21,partnercorp.com,False,0.0
b6fa6b75-3b21-4063,EMP006,2026-06-04 13:32:36,partnercorp.com,False,0.0
e50c0447-a559-4873,EMP014,2026-06-04 14:30:15,partnercorp.com,False,0.0
737f0ac6-5fbf-4a2c,EMP033,2026-06-04 11:54:40,company.com,False,0.0
3ec08180-570d-42b6,EMP043,2026-06-04 12:50:21,partnercorp.com,True,2.22
7ca38d76-7a76-45d7,EMP046,2026-06-04 11:04:07,partnercorp.com,False,0.0
155ba2ad-7ace-421e,EMP062,2026-06-04 12:48:52,partnercorp.com,False,0.0
de856ba7-4f20-4a17,EMP079,2026-06-04 14:42:29,partnercorp.com,False,0.0
cbcc2cd8-3da0-41e2,EMP107,2026-06-04 14:53:45,partnercorp.com,False,0.0
07d5b65f-df0a-47f5,EMP111,2026-06-04 13:55:25,partnercorp.com,False,0.0
cf50b1c5-1c0c-4476,EMP012,2026-06-05 13:41:23,company.com,False,0.0
3aaccebd-cb12-4754,EMP014,2026-06-05 14:32:04,partnercorp.com,False,0.0
8e681038-d758-49f5,EMP017,2026-06-05 15:22:21,company.com,False,0.0
8bae30a8-0d4e-48cd,EMP049,2026-06-05 11:23:42,partnercorp.com,True,0.52
1a0e9513-8a3c-4822,EMP053,2026-06-05 15:03:58,partnercorp.com,False,0.0
2729b795-cd92-41ec,EMP099,2026-06-05 12:10:47,partnercorp.com,False,0.0
7683b278-67a9-424b,EMP105,2026-06-05 09:09:39,partnercorp.com,False,0.0
f43d0033-df94-4269,EMP106,2026-06-05 10:21:27,partnercorp.com,True,0.68
ec55b2aa-7432-404d,EMP121,2026-06-05 16:19:10,partnercorp.com,True,2.55
81c45b9d-8748-4c21,EMP138,2026-06-05 15:50:34,company.com,False,0.0
2b81a586-b82a-49bd,EMP009,2026-06-07 18:47:50,partnercorp.com,False,0.0
13eee910-4910-43a0,EMP051,2026-06-07 18:30:25,company.com,True,1.48
ab7988f0-692b-46cb,EMP110,2026-06-07 17:40:02,partnercorp.com,False,0.0
f0d77437-ade4-4afe,EMP012,2026-06-08 10:06:18,partnercorp.com,False,0.0
278335ed-35cd-4b52,EMP036,2026-06-08 13:50:12,partnercorp.com,False,0.0
d9f02cb6-3383-4888,EMP041,2026-06-08 13:50:44,partnercorp.com,False,0.0
7658417c-afff-4c3c,EMP047,2026-06-08 10:10:04,partnercorp.com,False,0.0
0d49c0f3-76c4-4063,EMP056,2026-06-08 13:54:05,partnercorp.com,False,0.0
1d179dc1-923e-47fc,EMP061,2026-06-08 13:43:57,company.com,False,0.0
1b0eb429-edfc-4a8d,EMP079,2026-06-08 18:11:47,company.com,False,0.0
dec24fee-a06d-4941,EMP086,2026-06-08 11:30:58,partnercorp.com,False,0.0
ea551c1e-08bd-4f5e,EMP087,2026-06-08 14:31:30,partnercorp.com,False,0.0
b6b4b5cd-7113-4ecf,EMP109,2026-06-08 13:57:42,partnercorp.com,False,0.0
3a3437df-5ab1-464e,EMP115,2026-06-08 13:55:47,partnercorp.com,False,0.0
29d15b7b-18ce-4057,EMP116,2026-06-08 14:54:55,partnercorp.com,True,2.02
706e5e8a-f2be-4a60,EMP117,2026-06-08 14:14:56,company.com,False,0.0
669c87d3-7c34-47d8,EMP018,2026-06-09 14:17:22,company.com,True,3.71
40abc638-22f6-429b,EMP044,2026-06-09 16:29:37,company.com,False,0.0
e9a9d486-86de-431b,EMP054,2026-06-09 09:10:04,partnercorp.com,False,0.0
5a5bbd5d-a9ff-4c42,EMP063,2026-06-09 14:32:51,company.com,False,0.0
758f1292-976f-48ac,EMP088,2026-06-09 13:56:29,partnercorp.com,False,0.0
b683f795-9106-4b44,EMP113,2026-06-09 13:35:47,partnercorp.com,False,0.0
db0802d2-ed2b-4e76,EMP139,2026-06-09 13:05:14,company.com,True,1.3
efb8391e-d0cd-4275,EMP145,2026-06-09 14:56:16,partnercorp.com,False,0.0
5868e206-c1aa-4e04,EMP012,2026-06-10 10:40:41,partnercorp.com,False,0.0
8ae37e71-9a7c-424a,EMP036,2026-06-10 15:18:07,partnercorp.com,False,0.0
437f91f8-aa4d-498b,EMP038,2026-06-10 10:09:19,partnercorp.com,False,0.0
77dd6ce7-bb7d-4774,EMP049,2026-06-10 14:07:34,partnercorp.com,False,0.0
5308081f-d9af-4b50,EMP050,2026-06-10 10:23:36,partnercorp.com,False,0.0
b118fa6e-3375-4ce5,EMP056,2026-06-10 12:20:42,company.com,False,0.0
2f4987cb-2006-4cf5,EMP063,2026-06-10 15:22:34,partnercorp.com,False,0.0
02503bbc-316a-4f53,EMP066,2026-06-10 11:53:33,partnercorp.com,False,0.0
c9b75462-7ce8-4530,EMP070,2026-06-10 11:51:26,company.com,False,0.0
f80c3ce8-de0c-4b0a,EMP074,2026-06-10 10:38:56,partnercorp.com,False,0.0
e2dbdad5-1232-4205,EMP094,2026-06-10 12:06:06,company.com,False,0.0
8770d856-3b0e-4f5a,EMP102,2026-06-10 15:42:27,partnercorp.com,False,0.0
47a1fb7f-9272-4c34,EMP117,2026-06-10 11:33:22,partnercorp.com,False,0.0
8ef37baf-62f7-4835,EMP121,2026-06-10 15:18:16,partnercorp.com,True,1.85
d00e822b-41b6-41c2,EMP127,2026-06-10 16:42:50,partnercorp.com,False,0.0
765f9890-22a1-4e2f,EMP130,2026-06-10 11:57:13,partnercorp.com,False,0.0
205cd21c-a9ac-4f3d,EMP138,2026-06-10 15:25:10,partnercorp.com,False,0.0
6a099f71-1ed7-4eb0,EMP016,2026-06-11 12:10:44,partnercorp.com,False,0.0
00bceac8-0e71-460f,EMP034,2026-06-11 10:48:57,company.com,False,0.0
381f4499-d0a8-4765,EMP040,2026-06-11 13:08:30,partnercorp.com,False,0.0
2a854ff8-4231-4e0f,EMP043,2026-06-11 13:20:51,company.com,False,0.0
96249dce-cd95-479d,EMP064,2026-06-11 12:24:17,partnercorp.com,False,0.0
9970c150-a4cd-48eb,EMP069,2026-06-11 15:13:41,company.com,False,0.0
be0cc9c9-236a-476c,EMP087,2026-06-11 12:59:46,company.com,False,0.0
2f6b7865-7d0a-47b6,EMP143,2026-06-11 15:34:39,company.com,False,0.0
faf35e85-d858-4fc7,EMP003,2026-06-12 12:18:28,partnercorp.com,False,0.0
c8201595-f8b1-4b27,EMP013,2026-06-12 10:43:00,partnercorp.com,False,0.0
862f71f8-4c6a-4e5a,EMP014,2026-06-12 12:35:42,company.com,False,0.0
254e3f84-4e61-4fdc,EMP021,2026-06-12 10:42:26,company.com,True,3.66
a58b9c7b-5831-4865,EMP029,2026-06-12 16:10:18,company.com,False,0.0
d782acb0-ad3c-48ee,EMP030,2026-06-12 16:08:43,company.com,False,0.0
3f61ed65-0f07-4ba2,EMP037,2026-06-12 10:55:04,partnercorp.com,False,0.0
58571048-c7a6-47df,EMP053,2026-06-12 11:54:48,partnercorp.com,False,0.0
fba64d17-a53b-496e,EMP091,2026-06-12 14:20:51,company.com,True,3.41
d8d4b0e7-79ee-4180,EMP112,2026-06-12 10:31:43,partnercorp.com,False,0.0
94ae93a4-ef8b-466e,EMP120,2026-06-12 10:51:18,partnercorp.com,False,0.0
d8be07f3-4e58-4dfd,EMP055,2026-06-13 14:27:52,company.com,False,0.0
4fababc2-e83e-4389,EMP012,2026-06-15 08:41:08,company.com,False,0.0
6acfe02c-cc84-4b98,EMP027,2026-06-15 13:29:47,company.com,False,0.0
ce3b2767-7e27-46aa,EMP033,2026-06-15 15:14:35,partnercorp.com,False,0.0
735c387a-4522-44e6,EMP050,2026-06-15 16:15:47,partnercorp.com,False,0.0
4b2cdaae-7c36-4621,EMP052,2026-06-15 11:58:41,company.com,False,0.0
e80c42d0-6deb-4576,EMP067,2026-06-15 09:33:16,partnercorp.com,False,0.0
07d23dd8-5347-452d,EMP080,2026-06-15 12:28:05,company.com,False,0.0
71cd723b-fea1-41ae,EMP085,2026-06-15 10:13:14,partnercorp.com,False,0.0
e0fb9fef-546f-4bf8,EMP102,2026-06-15 11:26:58,company.com,False,0.0
3ff36558-e60a-4c2c,EMP111,2026-06-15 14:58:08,partnercorp.com,False,0.0
436e6c94-4e00-4976,EMP130,2026-06-15 14:32:17,company.com,False,0.0
7e706513-3676-497c,EMP141,2026-06-15 13:11:23,partnercorp.com,False,0.0
810c91c1-0763-4485,EMP001,2026-06-16 11:05:56,company.com,False,0.0
4493538d-5531-4a2b,EMP023,2026-06-16 12:16:23,partnercorp.com,True,1.56
6ab4b066-2bfc-4f64,EMP030,2026-06-16 15:16:59,partnercorp.com,False,0.0
2d0cab27-1f97-4c6d,EMP059,2026-06-16 17:06:43,partnercorp.com,False,0.0
0c1dd78f-655a-4d04,EMP060,2026-06-16 11:05:21,company.com,False,0.0
a49d4980-7770-44c5,EMP064,2026-06-16 15:33:57,company.com,False,0.0
e9fdcbbe-710c-4828,EMP079,2026-06-16 16:51:18,partnercorp.com,False,0.0
6d8d0b52-ed12-46ba,EMP083,2026-06-16 14:33:31,partnercorp.com,True,1.48
57565a79-4b56-43d9,EMP085,2026-06-16 10:08:54,partnercorp.com,False,0.0
572fbff8-d977-4f2f,EMP086,2026-06-16 17:50:30,partnercorp.com,False,0.0
2522be6d-ac10-4ea0,EMP118,2026-06-16 11:08:10,company.com,False,0.0
daa4efa6-e005-43d5,EMP119,2026-06-16 17:38:37,partnercorp.com,False,0.0
bfa1d74e-2ea8-416d,EMP012,2026-06-17 12:13:33,company.com,False,0.0
69b7e626-a5a3-45f8,EMP018,2026-06-17 15:20:02,partnercorp.com,False,0.0
e17d7ecd-1edf-406e,EMP027,2026-06-17 16:19:58,partnercorp.com,False,0.0
f450c05a-ed77-41ab,EMP041,2026-06-17 10:52:34,partnercorp.com,False,0.0
ee99b45c-3f4f-4a58,EMP050,2026-06-17 17:50:14,partnercorp.com,False,0.0
bee8cc4a-3059-424b,EMP055,2026-06-17 12:44:48,partnercorp.com,False,0.0
72bf0848-3e60-4845,EMP058,2026-06-17 11:19:09,partnercorp.com,False,0.0
22a0eb04-4828-4be5,EMP067,2026-06-17 12:42:58,partnercorp.com,True,2.17
33d091af-e0f6-4f35,EMP072,2026-06-17 14:51:58,company.com,False,0.0
6aa2979d-2c3b-41e3,EMP091,2026-06-17 16:34:54,partnercorp.com,False,0.0
3734b8ab-4711-4bbc,EMP093,2026-06-17 11:35:13,company.com,False,0.0
12054770-627f-4b95,EMP095,2026-06-17 15:41:48,partnercorp.com,False,0.0
279f5754-0f5b-4511,EMP123,2026-06-17 12:51:28,company.com,False,0.0
a196ea4f-ec05-4664,EMP128,2026-06-17 10:55:31,company.com,False,0.0
34ea3868-6d34-400b,EMP143,2026-06-17 11:14:45,company.com,False,0.0
43c81cf9-5d9d-4395,EMP146,2026-06-17 14:00:48,company.com,False,0.0
ac81cd9c-3e03-4562,EMP002,2026-06-18 14:06:40,company.com,False,0.0
c988d281-a602-4069,EMP017,2026-06-18 12:21:08,company.com,False,0.0
ddb459bd-cff0-44b9,EMP031,2026-06-18 11:39:53,company.com,False,0.0
831bd5cb-2d22-497f,EMP036,2026-06-18 15:17:01,partnercorp.com,False,0.0
1cced0ef-be53-443b,EMP070,2026-06-18 08:54:27,company.com,False,0.0
cc227e9e-332c-4683,EMP078,2026-06-18 10:23:49,partnercorp.com,False,0.0
f90e84e8-0f05-4df0,EMP085,2026-06-18 14:08:48,partnercorp.com,False,0.0
0c25ab1f-fb22-4965,EMP088,2026-06-18 15:13:58,company.com,False,0.0
29fe7d9c-95c7-4cf5,EMP091,2026-06-18 09:02:19,company.com,False,0.0
d0faf72a-99b4-4b92,EMP094,2026-06-18 11:20:43,partnercorp.com,False,0.0
aff03d95-dcd2-4af9,EMP098,2026-06-18 11:27:10,partnercorp.com,False,0.0
f19f16dc-86cf-4bb0,EMP101,2026-06-18 15:15:04,partnercorp.com,False,0.0
217a3d6b-3543-41ae,EMP144,2026-06-18 14:45:18,company.com,True,1.81
1961ec5d-d90e-40a6,EMP005,2026-06-19 15:31:38,company.com,False,0.0
97d49ed2-a135-439f,EMP032,2026-06-19 18:09:14,partnercorp.com,False,0.0
960ab924-0b7a-4243,EMP039,2026-06-19 12:56:52,partnercorp.com,True,3.18
b1cf4168-8d86-41be,EMP047,2026-06-19 09:18:03,company.com,False,0.0
e1b7706e-f632-4054,EMP056,2026-06-19 11:43:25,company.com,False,0.0
e9bd8bcb-d1bd-4b8b,EMP069,2026-06-19 14:56:36,partnercorp.com,False,0.0
87ecdcbb-3712-4d92,EMP071,2026-06-19 10:46:08,company.com,False,0.0
4a7c6994-ab34-4455,EMP078,2026-06-19 11:31:57,company.com,False,0.0
b8588c69-a018-4311,EMP090,2026-06-19 12:42:38,partnercorp.com,True,1.38
8aef28a7-c930-493a,EMP091,2026-06-19 16:51:16,partnercorp.com,True,1.01
15579745-36e3-4c28,EMP093,2026-06-19 11:10:52,partnercorp.com,False,0.0
b8e3ed48-e374-47b8,EMP095,2026-06-19 16:41:07,partnercorp.com,False,0.0
cffd9050-eb27-43e5,EMP097,2026-06-19 15:16:25,partnercorp.com,False,0.0
246fc83a-f42c-4696,EMP113,2026-06-19 12:01:08,company.com,False,0.0
aa7b0621-3e8a-4c44,EMP119,2026-06-19 14:05:45,partnercorp.com,False,0.0
cb615694-3780-49ee,EMP127,2026-06-19 12:26:30,company.com,False,0.0
685251c3-229f-4473,EMP136,2026-06-19 09:53:16,partnercorp.com,False,0.0
93feb519-e486-4e23,EMP138,2026-06-19 11:56:15,partnercorp.com,False,0.0
575a94f1-d74d-43c5,EMP032,2026-06-21 17:09:02,partnercorp.com,False,0.0
5b0098cc-689f-4829,EMP012,2026-06-22 13:31:53,company.com,False,0.0
17c07ad4-b030-4350,EMP014,2026-06-22 14:13:58,company.com,False,0.0
c547d922-2e87-4aef,EMP037,2026-06-22 10:42:35,company.com,False,0.0
5919cf4a-dcc7-4fd3,EMP047,2026-06-22 10:47:22,partnercorp.com,False,0.0
962be21f-d1fa-4b42,EMP049,2026-06-22 17:33:33,partnercorp.com,True,2.59
8479ea34-617c-455c,EMP068,2026-06-22 10:39:53,partnercorp.com,False,0.0
e1821437-d496-4699,EMP099,2026-06-22 10:00:50,partnercorp.com,False,0.0
91774c20-907e-442d,EMP103,2026-06-22 11:08:25,company.com,False,0.0
c9b9cee1-333b-48d5,EMP108,2026-06-22 13:03:08,partnercorp.com,False,0.0
ab55b4ff-e0a8-4ab3,EMP125,2026-06-22 11:50:31,partnercorp.com,True,0.73
bdb1b4eb-36f8-4b86,EMP015,2026-06-23 10:31:00,partnercorp.com,False,0.0
ed6396e2-798d-4928,EMP026,2026-06-23 14:27:26,partnercorp.com,False,0.0
ebfdc93d-1cb7-43e9,EMP042,2026-06-23 10:25:01,company.com,False,0.0
3cf2f285-5b0d-4d84,EMP054,2026-06-23 16:31:15,company.com,False,0.0
04df98fa-9f6e-4478,EMP057,2026-06-23 13:07:10,company.com,False,0.0
07b72616-678c-4da6,EMP077,2026-06-23 12:57:06,partnercorp.com,False,0.0
baa65a87-583b-4c4a,EMP088,2026-06-23 12:37:42,company.com,False,0.0
95f907a9-d669-4c08,EMP089,2026-06-23 16:20:13,company.com,False,0.0
0e9a1cf4-46f1-48a4,EMP092,2026-06-23 11:20:48,partnercorp.com,False,0.0
861fa4ff-b619-439c,EMP103,2026-06-23 10:01:29,company.com,False,0.0
87213120-ba2c-4123,EMP109,2026-06-23 12:46:56,partnercorp.com,False,0.0
49dd5a37-764d-48ae,EMP132,2026-06-23 09:39:42,partnercorp.com,False,0.0
e291e60a-4726-4fed,EMP133,2026-06-23 14:46:03,company.com,False,0.0
f458110a-aa47-4949,EMP139,2026-06-23 10:44:09,company.com,False,0.0
5f5cc178-3735-49ec,EMP020,2026-06-24 15:08:04,partnercorp.com,False,0.0
ff97da07-eac0-4fef,EMP034,2026-06-24 17:53:29,partnercorp.com,False,0.0
5feb910a-bfb0-4e80,EMP036,2026-06-24 13:03:27,partnercorp.com,False,0.0
07bf5ebd-5a2f-4b00,EMP039,2026-06-24 12:10:37,partnercorp.com,False,0.0
118fbaf2-d7ac-4c6e,EMP096,2026-06-24 14:48:31,company.com,False,0.0
45dc3a57-a966-4148,EMP118,2026-06-24 12:44:19,company.com,False,0.0
af00d5bb-01a0-4a97,EMP122,2026-06-24 11:46:42,company.com,False,0.0
4a3d1295-3dd4-4b83,EMP140,2026-06-24 12:08:24,company.com,False,0.0
661ffc1e-c7ea-49b2,EMP144,2026-06-24 09:41:57,partnercorp.com,False,0.0
582f506e-9b6e-4cc1,EMP004,2026-06-25 12:14:17,partnercorp.com,False,0.0
e0193e8b-77b1-4afc,EMP007,2026-06-25 17:19:01,company.com,False,0.0
2b28e045-c8a4-4f39,EMP023,2026-06-25 17:07:20,company.com,False,0.0
2cabaf30-2c7e-4abd,EMP031,2026-06-25 14:18:42,partnercorp.com,False,0.0
872895b4-0394-4529,EMP035,2026-06-25 17:02:11,company.com,False,0.0
5b602318-2c9e-42b8,EMP057,2026-06-25 16:27:28,company.com,False,0.0
68d411a5-1478-4f38,EMP065,2026-06-25 14:09:46,partnercorp.com,False,0.0
25b1ca62-3f28-45e1,EMP083,2026-06-25 12:56:33,partnercorp.com,False,0.0
cfb577cb-4325-4178,EMP110,2026-06-25 13:06:04,partnercorp.com,False,0.0
c620914d-0302-4380,EMP116,2026-06-25 15:22:02,partnercorp.com,False,0.0
028a07b2-c0a5-4ff0,EMP121,2026-06-25 17:06:14,partnercorp.com,False,0.0
fd7eab03-f9ad-436d,EMP124,2026-06-25 14:55:34,partnercorp.com,False,0.0
b2fee46b-72be-46b3,EMP126,2026-06-25 10:13:53,company.com,False,0.0
5a08f0f0-e4d2-4c33,EMP127,2026-06-25 13:57:54,company.com,False,0.0
a83c7341-a5f9-431d,EMP148,2026-06-25 13:03:44,company.com,False,0.0
429f0d55-2180-4ae7,EMP003,2026-06-26 15:46:46,company.com,False,0.0
6a8dcc98-3aec-4bbb,EMP008,2026-06-26 13:08:42,partnercorp.com,False,0.0
e4cc1ed0-bb9c-413d,EMP013,2026-06-26 11:39:06,company.com,False,0.0
32c5744c-b6fd-4a57,EMP029,2026-06-26 14:14:55,partnercorp.com,False,0.0
d0b3ae25-0548-43d2,EMP046,2026-06-26 16:12:53,partnercorp.com,False,0.0
ba4e7b06-09e1-43b7,EMP096,2026-06-26 12:23:14,partnercorp.com,False,0.0
0e662097-9ac4-48b0,EMP102,2026-06-26 09:17:11,company.com,False,0.0
da8e2daf-4a6f-45c1,EMP107,2026-06-26 13:36:05,company.com,False,0.0
dc02c418-017e-4ba6,EMP112,2026-06-26 16:11:43,company.com,False,0.0
e78da4a3-3111-4bdd,EMP115,2026-06-26 15:14:26,company.com,True,2.35
21a841c1-2c0e-40fe,EMP128,2026-06-26 17:32:38,partnercorp.com,False,0.0
b0924d86-c632-460d,EMP129,2026-06-26 16:01:47,partnercorp.com,False,0.0
cea18c14-88f5-47d3,EMP136,2026-06-26 11:26:03,company.com,False,0.0
d245b3dd-6c1b-4419,EMP142,2026-06-26 11:38:31,company.com,False,0.0
13e4baa2-ae4e-480b,EMP102,2026-06-27 12:51:11,partnercorp.com,True,3.66
980ff4e6-073d-4726,EMP007,2026-06-29 11:39:27,partnercorp.com,False,0.0
a7c31e69-ba04-42a3,EMP021,2026-06-29 17:27:15,partnercorp.com,False,0.0
a8980753-e870-40ff,EMP044,2026-06-29 17:10:42,company.com,False,0.0
f005b0f8-4f64-42f7,EMP046,2026-06-29 13:26:26,partnercorp.com,False,0.0
8289d159-cfdc-4c19,EMP048,2026-06-29 15:03:49,partnercorp.com,False,0.0
014a4abf-9850-40be,EMP052,2026-06-29 13:20:18,partnercorp.com,False,0.0
529b28c3-68a5-48c2,EMP053,2026-06-29 10:16:36,company.com,False,0.0
6a18a619-6095-442d,EMP056,2026-06-29 12:32:58,partnercorp.com,False,0.0
2457219b-35e4-4402,EMP059,2026-06-29 11:07:57,partnercorp.com,False,0.0
626de1a1-0865-42bc,EMP060,2026-06-29 15:31:21,company.com,False,0.0
59afd077-dd5f-4a68,EMP066,2026-06-29 12:11:31,company.com,True,2.15
ff494f32-012d-4ca7,EMP074,2026-06-29 11:24:42,partnercorp.com,False,0.0
76b7a0e9-c44d-4660,EMP083,2026-06-29 13:16:16,company.com,True,2.05
258ac165-7176-4804,EMP103,2026-06-29 10:23:42,company.com,False,0.0
a30eff43-9d20-4217,EMP119,2026-06-29 10:52:28,company.com,False,0.0
669e86f8-be17-4a19,EMP127,2026-06-29 12:32:13,partnercorp.com,False,0.0
c574637c-8665-4333,EMP005,2026-06-30 10:11:53,partnercorp.com,False,0.0
dda2c3b3-dfaf-4d66,EMP013,2026-06-30 11:04:09,partnercorp.com,False,0.0
4c9e40d9-93eb-49c5,EMP025,2026-06-30 15:45:52,company.com,False,0.0
3e3b660c-379a-4fc8,EMP031,2026-06-30 10:17:36,company.com,False,0.0
bdbbdaf9-eeb2-4fe9,EMP035,2026-06-30 15:30:37,partnercorp.com,False,0.0
66981c25-66a1-45ac,EMP040,2026-06-30 15:02:02,company.com,False,0.0
a84d5d1d-8bc8-416a,EMP045,2026-06-30 09:08:41,partnercorp.com,False,0.0
e9e27b19-3e12-4c13,EMP052,2026-06-30 10:30:35,company.com,False,0.0
38f3a88c-bfc8-40d5,EMP054,2026-06-30 10:51:37,partnercorp.com,False,0.0
d27af58c-7c42-4242,EMP070,2026-06-30 13:15:15,partnercorp.com,False,0.0
024ea41d-9852-4fc8,EMP095,2026-06-30 16:34:08,partnercorp.com,True,3.22
5ea0d516-7e44-4611,EMP096,2026-06-30 14:27:11,company.com,False,0.0
eeca007b-07da-4331,EMP097,2026-06-30 17:34:45,partnercorp.com,False,0.0
f3ef098b-5271-4836,EMP103,2026-06-30 12:41:44,partnercorp.com,False,0.0
8ea5743f-a424-44c7,EMP109,2026-06-30 09:04:42,company.com,True,3.9
8b93e3ea-6230-4adb,EMP110,2026-06-30 11:23:02,company.com,False,0.0
22b45652-eab3-4543,EMP145,2026-06-30 17:01:00,partnercorp.com,False,0.0
c33d9bc4-5125-42f6,EMP147,2026-06-30 11:49:58,company.com,False,0.0
4719a2c0-33df-49df,EMP148,2026-06-30 12:28:05,partnercorp.com,False,0.0
2d4b486d-f250-4162,EMP007,2026-07-01 12:20:03,company.com,True,1.87
79cf7c79-805a-4d37,EMP016,2026-07-01 11:22:24,partnercorp.com,False,0.0
1f28a808-fe7a-4a04,EMP043,2026-07-01 10:41:40,company.com,False,0.0
e857f41c-e136-45e4,EMP095,2026-07-01 13:37:29,company.com,True,1.35
32ba9f77-9cf1-4c79,EMP127,2026-07-01 10:52:48,company.com,False,0.0
77678b9f-c37c-404d,EMP129,2026-07-01 15:35:03,partnercorp.com,True,3.71
3a6639b4-05f2-4aad,EMP131,2026-07-01 11:12:10,partnercorp.com,False,0.0
5dcfdcc5-1ac4-4150,EMP138,2026-07-01 12:31:27,partnercorp.com,True,3.2
1bd4887d-7143-43f5,EMP148,2026-07-01 13:28:01,company.com,False,0.0
e427de9e-3674-4018,EMP004,2026-07-02 14:11:02,partnercorp.com,False,0.0
132fc497-bd1d-4d41,EMP019,2026-07-02 16:37:09,partnercorp.com,False,0.0
9e010a87-1424-4988,EMP030,2026-07-02 10:54:22,partnercorp.com,False,0.0
db9cec73-b689-4e6a,EMP054,2026-07-02 16:18:03,company.com,False,0.0
84a7ed4c-51d9-4208,EMP065,2026-07-02 10:35:19,partnercorp.com,False,0.0
236532d6-741d-4859,EMP066,2026-07-02 11:06:55,company.com,False,0.0
c5419fc2-05fb-4101,EMP111,2026-07-02 17:24:44,company.com,True,0.99
6d8ceeec-2c33-41ef,EMP122,2026-07-02 16:02:59,partnercorp.com,False,0.0
4ff104f7-6d54-4f3d,EMP005,2026-07-03 16:36:56,company.com,False,0.0
8ba07605-c45a-4e2a,EMP015,2026-07-03 11:09:12,company.com,False,0.0
376beb22-144a-408d,EMP054,2026-07-03 11:44:25,company.com,False,0.0
e4ef79fc-03b4-4e89,EMP060,2026-07-03 15:08:52,company.com,False,0.0
ee078094-82e9-4b85,EMP062,2026-07-03 16:02:50,company.com,False,0.0
9dd55563-081b-4f5c,EMP072,2026-07-03 11:27:20,partnercorp.com,False,0.0
cba7d29b-08ed-4308,EMP077,2026-07-03 16:28:59,partnercorp.com,False,0.0
a4d45be5-2f27-4449,EMP086,2026-07-03 11:31:52,company.com,False,0.0
ba62010b-d4a9-45a1,EMP121,2026-07-03 15:35:12,partnercorp.com,False,0.0
aada63f9-1da4-4d8e,EMP128,2026-07-03 09:49:46,partnercorp.com,False,0.0
4e5a58dc-fcb0-468e,EMP044,2026-07-05 15:33:11,partnercorp.com,False,0.0
28997f81-ef45-42bb,EMP055,2026-07-05 16:34:14,company.com,True,1.56
81cf3c46-e3b5-4306,EMP065,2026-07-05 16:37:20,company.com,False,0.0
2bf20705-504b-47e2,EMP004,2026-07-06 17:03:58,partnercorp.com,False,0.0
5c8c30c4-7d04-47ae,EMP008,2026-07-06 13:14:32,partnercorp.com,False,0.0
af03ed90-8176-44a5,EMP012,2026-07-06 15:17:06,partnercorp.com,False,0.0
23af978b-33bc-4804,EMP014,2026-07-06 14:14:49,company.com,False,0.0
f4fc4934-7220-4351,EMP016,2026-07-06 16:25:28,partnercorp.com,False,0.0
2ed1245e-6d66-4c7c,EMP032,2026-07-06 13:38:44,partnercorp.com,False,0.0
c3534ced-0b4c-4606,EMP044,2026-07-06 16:46:20,partnercorp.com,False,0.0
5b2dfdd0-ae69-42f2,EMP066,2026-07-06 11:50:49,company.com,False,0.0
6ceefe94-d801-4238,EMP075,2026-07-06 15:43:14,company.com,False,0.0
ce698e2c-7d73-49c4,EMP088,2026-07-06 13:30:30,company.com,False,0.0
d4fb2c5b-6bf0-4e45,EMP091,2026-07-06 11:50:20,company.com,False,0.0
e267e1a1-f9ec-4422,EMP096,2026-07-06 11:57:50,company.com,False,0.0
f03e6d6e-57be-4d02,EMP101,2026-07-06 12:17:47,partnercorp.com,False,0.0
41d74992-f51d-45e7,EMP106,2026-07-06 10:34:44,company.com,False,0.0
d80db205-9465-4da9,EMP107,2026-07-06 14:15:36,partnercorp.com,False,0.0
7b0dfd1d-8402-48b5,EMP119,2026-07-06 15:29:02,company.com,False,0.0
7ce5275d-fca7-46bb,EMP123,2026-07-06 10:36:33,company.com,False,0.0
89cb909f-8a6d-4332,EMP130,2026-07-06 11:49:06,company.com,False,0.0
d289adf5-97a5-4763,EMP020,2026-07-07 13:35:20,company.com,False,0.0
ba023f9b-74db-4063,EMP039,2026-07-07 15:16:01,company.com,False,0.0
90c8f2b7-1764-4090,EMP052,2026-07-07 17:55:44,partnercorp.com,False,0.0
07ca0e74-a5bb-4580,EMP055,2026-07-07 09:45:39,company.com,False,0.0
817371ec-ac66-4fd4,EMP067,2026-07-07 11:59:05,company.com,False,0.0
cf7afdb8-4f85-4f07,EMP111,2026-07-07 13:07:03,company.com,False,0.0
0c1a1702-c3ea-4c3f,EMP120,2026-07-07 11:54:25,company.com,False,0.0
c3058720-a441-4f55,EMP144,2026-07-07 11:48:43,partnercorp.com,False,0.0
e15f5b22-d2a8-4b49,EMP009,2026-07-08 15:40:57,company.com,False,0.0
0bc989f2-2d43-4339,EMP011,2026-07-08 16:27:46,partnercorp.com,False,0.0
ac0fe9fb-897c-41bd,EMP030,2026-07-08 12:26:41,partnercorp.com,False,0.0
f2ef6be5-27f0-4041,EMP041,2026-07-08 17:31:24,company.com,False,0.0
c8a877bd-4221-430f,EMP046,2026-07-08 13:41:49,partnercorp.com,False,0.0
f0f9e8c2-502b-473a,EMP068,2026-07-08 09:35:54,company.com,False,0.0
b13f4bf9-3aa8-4e7e,EMP088,2026-07-08 11:52:01,company.com,False,0.0
0bab40e4-d06a-46b6,EMP091,2026-07-08 13:08:55,company.com,False,0.0
9fb03969-1ba9-451c,EMP100,2026-07-08 10:16:15,company.com,False,0.0
47ce903d-a47f-48a9,EMP104,2026-07-08 14:56:13,partnercorp.com,False,0.0
c081845f-4a10-4116,EMP120,2026-07-08 14:04:16,partnercorp.com,False,0.0
0e0c6378-c5b4-491c,EMP144,2026-07-08 12:16:20,company.com,False,0.0
bf3382d8-2939-42b0,EMP003,2026-07-09 12:35:43,company.com,False,0.0
e6f95ab4-3588-414e,EMP017,2026-07-09 09:29:08,partnercorp.com,False,0.0
230257f1-38fa-4436,EMP038,2026-07-09 11:45:08,partnercorp.com,False,0.0
6b450931-68a1-4c25,EMP060,2026-07-09 14:04:12,partnercorp.com,True,3.0
8b5092b1-9656-437e,EMP068,2026-07-09 10:42:23,partnercorp.com,False,0.0
710b436d-de96-414f,EMP073,2026-07-09 11:51:06,partnercorp.com,False,0.0
baf2ee98-01ce-4ba6,EMP088,2026-07-09 15:39:38,company.com,False,0.0
cba24418-7419-450a,EMP020,2026-07-10 13:44:20,company.com,True,3.91
2ef62f6b-8e4a-4903,EMP021,2026-07-10 14:22:36,partnercorp.com,False,0.0
87d0eeef-4bbd-4cfe,EMP029,2026-07-10 09:07:18,partnercorp.com,False,0.0
54cd9578-60f8-496e,EMP030,2026-07-10 09:15:31,company.com,False,0.0
8b84277f-9e25-42ea,EMP034,2026-07-10 14:03:31,partnercorp.com,False,0.0
5120cc77-fd1d-4359,EMP038,2026-07-10 10:50:59,partnercorp.com,False,0.0
b46aee0a-0918-4aa0,EMP039,2026-07-10 11:43:09,company.com,False,0.0
b805e02f-bc2a-48c5,EMP041,2026-07-10 15:09:48,partnercorp.com,False,0.0
411d1925-0cd2-48ff,EMP043,2026-07-10 12:59:07,partnercorp.com,True,3.37
854d92e6-bcc7-453c,EMP047,2026-07-10 14:11:28,partnercorp.com,False,0.0
237dd07f-c460-4612,EMP050,2026-07-10 10:57:17,partnercorp.com,False,0.0
50a6fbb6-39e0-401e,EMP052,2026-07-10 13:52:32,company.com,False,0.0
42e54c6b-0814-4bb1,EMP053,2026-07-10 12:51:22,partnercorp.com,False,0.0
247a031a-9653-4069,EMP055,2026-07-10 14:03:51,partnercorp.com,False,0.0
3446e09d-d28c-4619,EMP056,2026-07-10 15:00:42,company.com,False,0.0
018be059-1d24-46e0,EMP087,2026-07-10 10:38:49,company.com,False,0.0
d8c5a9b9-2671-4b7b,EMP100,2026-07-10 11:24:28,company.com,False,0.0
b02a118a-3538-4cc4,EMP117,2026-07-10 16:55:46,partnercorp.com,False,0.0
300a23f5-9f93-4e2a,EMP139,2026-07-10 16:39:55,company.com,False,0.0
e60b0c4e-ef04-4f64,EMP147,2026-07-10 13:49:50,partnercorp.com,False,0.0
47e223c2-37bb-45cf,EMP032,2026-07-11 19:40:56,partnercorp.com,False,0.0
860f1588-4ea3-4039,EMP040,2026-07-11 16:35:08,partnercorp.com,False,0.0
60fd765c-e2c9-434c,EMP055,2026-07-11 16:58:15,partnercorp.com,False,0.0
cb56ab91-8291-4e1f,EMP055,2026-06-27 09:42:45,competitor-defense.com,True,950.0
53b7fc79-4d32-4670,EMP145,2026-07-02 14:45:00,gmail.com,True,350.0
